{
  "_graphify_obsidian.py": 1775964702.2431972,
  "app\\config.py": 1775132602.1939871,
  "app\\forwarder.py": 1774622965.0240643,
  "app\\main.py": 1775913337.978043,
  "app\\mavlink_reader.py": 1775913321.6177607,
  "app\\nmea.py": 1775132602.219,
  "CLAUDE.md": 1775964080.7780774,
  "README.md": 1774673842.4039266
}